# EK Name Equivalency
alessia_female = { Al-Esh Alessia Al_Esh }
amiel_male = { Ami-El Amiel Ami_El }
reman_male = { Reman RE_my }
achane_male = { Achane Achene }
adam_male = { Adam Adamus }
adrian_male = { Adrian Adrianus Adrien }
aerin_male = { Aerin Aerinios Aerinius Arin Arinios Arinis Arinius }
afer_male = { Afer Aferio Aferius }
agrastyr_male = { Agrastyr Agristair Agristyr }
alabastyr_male = { Alabastyr Alabistair Alabistyr }
alan_male = { Alano Alanos Alanus Alain Alan Allan }
alastyr_male = { Alastyr Alistair Alistyr }
alban_male = { Albanius Albanos Albanus }
albec_male = { Albec Albecius }
albert_male = { Albert Alberto Albertus }
albinius_male = { Albino Albinus }
albinus_male = { } #Empty to override vanilla duplicates
alethio_male = { Alethius Aletho }
alexander_male = { Alexandro Alex }
alison_female = { Allison }
allian_male = { Alliano Allianus }
amalric_male = { Amalric Amalrich Amalaricho Amalrico Amauri Amaury Manrike Manrique Amelrich }
amil_male = { Amilio Amilius Amilos }
amminio_male = { Amminius Amminus }
ancio_male = { Ancos Ancus }
andastyr_male = { Andistair Andistyr }
andrew_male = { Anders Andre AndrA_s AndrE_ AndrE_s Andrea Andreas Andrei Andrew Andria Andrija Androus Andrzej Annirea JE_drzej OndR_ej Andri }
andynach_male = { Andynak }
angel_male = { Angelio Angelo Angelus AN_gelos EngjE_ll }
angelus_male = { } #Empty to override vanilla duplicates
anna_female = { Annie }
anthony_male = { Anthony Antio Antius Antonius Antos Annwn Antoine Anton Antoni AntO_ni Antonian Antonio Antonios Antoniotto Antoniu Antus }
apelles_male = { Apello }
appius_male = { Appos }
aquila_male = { Aquilio Aquillius }
arctoro_male = { Arctur Arcturius Arcturus }
arentio_male = { Arentius Arento Arentus }
aretinius_male = { Aretino }
arnold_male = { Arnold Arnald Arnaldo Arnalt Arnau Arnaud Arnault Arnaut Arnd Arnod Arualdo Ernard }
arriano_male = { Arrianus Arius Ario Arrino Arrinisi }
artamo_male = { Artamus }
arthur_male = { Artur Artorio Artorius }
uriel_male = { Uriel Auril }
balder_male = { Baldr Baldur }
baldwin_male = { Baldewin Baldoen Baldovino Balduan Balduin Baldwin Baldwyn BaudoI_n Baudouin Boudewijn }
bedastair_male = { Bedistair Bedastyr Bedawyr Bedistyr }
bedynach_male = { Bedynak }
belisarius_male = { Belisar Belisarios Belisariu Belisarius }
braich_male = { Braic }
burcan_male = { Burcanius }
calvar_male = { Calvario }
camilius_male = { Camillius }
carn_male = { Carnius }
caspar_male = { Gaspar }
cerdic_male = { Karadog }
christopher_male = { Christoffer Christophe Christopher Christophoros Cristoforo CristO_furu Cristolu Kristof Kristofor Krystafer Krzysztof Risto }
claudius_male = { Claude Claudian Claudio ClA_udiu Claudius Glywys }
constantius_male = { Constantian Constantius Costanzo Costantzu Custanzu Konstantios }
contumelior_male = { Contumeliorus }
corvin_male = { Corvinus Colwin Corwyn }
cosmian_male = { Cosmus }
craig_male = { Crayg }
cyril_male = { Cyrilius }
danwych_male = { Danwyche }
darius_male = { Darien Darius Dariush DaryU_S_ }
darrel_male = { Derrell }
darric_male = { Darych }
david_male = { Davide Davyd }
delven_male = { Delvin }
donall_male = { Donel Donnel }
dorald_male = { Doraldus }
dragan_male = { Draganus }
dranin_male = { Draninus }
dunastyr_male = { Dunistair Dunistyr }
dunynach_male = { Dunynak }
edward_male = { Edouard Edward E_douard Edouart Eduard Eduardius Eduardo Edvard Edwardus Jedvard JA_tvarD_r Odoardo }
edwastyr_male = { Edwistair Edwistyr }
edwynach_male = { Edwynak }
elisabeth_female = { Aaleyaamma AlZ_bEE_ta Beileag Bet EisabE_u Elesbed ElisabE_ta Elisabet ElI_sabet Elisabeta Elisabeth Elisabetta Elisaued Elisaveta Elizabeta Elizabeth Elizabyth E_lizabeth Elspeth ElZ_bieta ErzsE_bet Ilizabith Isabeau Isabel Isabela IsabE_la Isabella Isabelle IsabE_u Isobel Lillias Lise Lisebet Lys Sabela Uusbail Yelizaveta Ysabel Ysbail Zabel }
enoch_male = { Ennoc Enoch EnO_ch }
eric_male = { Eric Ericus Erc Erth Herygh Uuirp Erik Eirik Eirikr Erich Erikur Erkki EirI_kr }
estien_male = { Estienn }
evan_male = { Evinn }
evangelina_female = { Evangline }
fianna_female = { Fiona }
folkes_male = { Folques }
francis_male = { Francois }
franck_male = { Franque Frencque }
furian_male = { Furianus }
gabriel_male = { Gabryel }
ganciele_male = { Genciel }
gastau_male = { Gasteau }
gavin_male = { Gabinu Gaine Gaven Gavin Gavini Gavino Gwalchmai }
geonard_male = { Gernaud }
gerald_male = { Geralt Gerault Gerard Geraud Giraud }
gilbert_male = { Guilbert }
gina_female = { Gyna }
glaber_male = { Glabor Glabrio }
gondastyr_male = { Gondistair Gondistyr }
gondynach_male = { Gondynak }
gordon_male = { Gordyn }
graccus_male = { Graco }
gran_male = { Granius }
gregory_male = { Greg Gregory Gigurum Giric Greger Gregers Gregor Gregoras Gregorio Gregorios Gregorius Grigoli Grigor Grigore Grigorii Grigoriu GrigO_riu Grgur Grigoriy Grygor Grzegorz Jerjer Grwgari }
gryf_male = { Gryff }
hader_male = { Haderus }
hadrian_male = { Hadrianus Hadrik }
hakon_male = { Haakon Harkon }
hamelin_male = { Hamelyn }
harold_male = { Erold Haralt Harault Harold Ariald Harald Haraldr Harrald Herold }
henry_male = { Henri Enri Enrich Enrick Heinrich Henricus Henrik }
herebanus_male = { Herebane }
hilarian_male = { Hilarius }
ıgnas_male = { Ignos }
jacob_male = { Chaacko Chaime Giacomo Giacopo Hamish Iacob Iacobus Iacopo Iago Iakobos Iakov Jaakoppi Jacco Jack Jacme Jacob Jacopo Jacopu Jakov Jacques Jagu Jaime JA_kob Jakob Jaksa Jakub Jakue Jakusz James JA_picu Jaques Jaume KO_pke Lapo Puccio SE_amas Yaakov Ya_qob Ya_qub Yaqub }
james_male = { Jim }
jeromec_male = { Jerromec Jorck Joric }
john_male = { Chuan Gian Giano Giovanni Giuanne Giuvanni Gjon HanuS_ Hovhannes Iain Iehan Ieuan Ioan Ioane Ioann Ioannes IO_annE_s Iuan Ivan IvaniS_ JA_nos Jan JanisL_aw Janis Janko Janos Janusz Jean Jehan JoA_o Joan Joanes Joannes Johan Johann Johannes John Jon Jonus Jovan Juan Juanne Juvven SeA_n SeoA_n Vanni Yahya Yohannaan Yohannan Youkhanna Yuhanna Yunanis XoA_n Xuan }
jorg_male = { Jorgen }
jorunn_male = { Jorundr Jorn Hjorunn }
julian_male = { } #Empty to override vanilla duplicates
julius_male = { Giulio Jul Julian Julianus Juillen Julio Julius Juliusz Juw Giuliano Giulianu Ioulianos Julien Olban Silin Sulgen Sulian Sulien Tysilio Ulyan }
justin_male = { Gestin Giustinu Iestan Iestyn Ioustinos Juntinus Justianas Justin Justinius Justino }
larian_male = { Larianus }
leo_male = { Leo Leon Leone Leonello Leonida Leonidus Leono Leontios Leontius Lev Levan Levon Lionello Llew Lugh Livon }
leofwine_male = { Leofwyn Leofwynn }
leontius_male = { } #Empty to override vanilla duplicates
leovic_male = { Leovik Leovicus }
liam_male = { Lyam }
luke_male = { Luke Lukose Lucius Lles Lucio Lucjan Luki Lucian Lucien Lucas L_ukasz }
lurian_male = { Lurio }
malcolm_male = { Maolcholuim }
marcel_male = { Marchel }
marcus_male = { Marco Marc Mark Marques Mantiarco Markus }
maria_female = { Marie Mary }
marianus_male = { Marianus Marius Mario Marios Mariu }
maric_male = { Marrec }
marius_male = { } #Empty to override vanilla duplicates
marosia_female = { Marozia }
martin_male = { Martinus }
matilda_female = { Mafalda Mahalta Mahaut Mathilda Mathilde Matild Matilda Matilde Matylda Maud Mauda Mautild Mawd Mechthild }
matthew_male = { MaC_ko Maciej Mads Maffeo Mahuis Matej Mateu Mateusz Matfei Math Matheo Mathys Mattanyahu Matias Matija Matiya MatouS_ Mats Matta Mattias Matthew Matthieu Mathias Mathieu Maththias Matteo Matteu Matthaios Matthias Matti Mattia Mattithyahu Mattityahu MA_tyA_s }
michael_male = { Michael MichaE_l Michel Michele Micheli Migali Mighele MihA_ly Mihail Mihajlo Mihangel Mikael Mikail Mikayel Mikel Mikelli Mikhael Mikhail Mikheil Mikkel Mikko Miquel Mikha_il Michiel }
mordastyr_male = { Mordistair Mordistyr }
mordynach_male = { Mordynak }
moric_male = { Morric }
morihaus_male = { Mhorus Moris Mor }
morvan_male = { Morven }
murber_male = { Murberius }
octavius_male = { Eudaf Octave Octavian Octavianus Octavius Ottavio Ottaviu }
olaf_male = { Olav }
ormel_male = { Ormellius }
paul_male = { Paulus }
perastyr_male = { Peristair Peristyr }
percival_male = { Percy }
philip_male = { Philippus Philipe }
pierrand_male = { Pierrant }
prax_male = { Praxus }
quentin_male = { Quentinius }
rellic_male = { Rellicus }
renald_male = { Reynald Reynard Reynaud Reinhardt }
richard_male = { Richarde }
richon_male = { Rickon }
riel_male = { Rielus }
robert_male = { Robb Roberto Roberick }
robin_male = { Robyn }
rodastyr_male = { Rodistair Rodistyr }
roderick_male = { Errodrigo Ludriqh Rhodri Rhydderch Roderic Rodericho Roderick Roderissus Rodric Rodrigo Rodrigu Rodyrick Roi Rory RuaidrI_ Ruairi Ruatirch Rudri Rui }
rodynach_male = { Rodynak }
rosa_female = { Rose Rosie }
rosalin_female = { Rosalyn }
solomon_male = { Salemon Salman Salomon Selevan Selyf Solomon SolomO_n Sulayman Suleyman }
salvian_male = { Salvianus }
samuel_male = { Sam Samael Samuel SA_muel Samueli SamuE_li Samoeli Sawyl }
saul_male = { Sauleius Saulius }
sebastian_male = { Sebastien }
senil_male = { Senilias }
stephen_male = { Eappen Estienne E_tienne Estiennot Esteban EstE_banu EstE_vA_o EstE_ve Estevo Isteban IstE_vene IstvA_n Stefan Stefano StE_fanu Stefanus Stefen Steffen Stepan Stepanos Stepanoz Stephan Stephanio Stephanus Stephenn Stephanos Stephen Steven Stjepan Szczepan }
surian_male = { Surianus }
tacitan_male = { Tacitus }
tarant_male = { Tarantino Tarantius }
tasel_male = { Tasellis }
tavian_male = { Tavianus }
theodastyr_male = { Theodistair Theodistyr }
theodynach_male = { Theodynak }
thomas_male = { Thomias Thomius Thomos Tomas Tomias Tomius Tomos Thom Thomas Thomase Tom }
thorig_male = { Thoring Thorygg Torvic Tourvic }
tiber_male = { Tiber Tiburr }
tim_male = { Timeo Timmon }
timothy_male = { Timothy Timothee Dimetheos Thimo }
tristan_male = { Tristane }
tristastyr_male = { Trististair Trististyr }
tristynach_male = { Tristynak }
tyran_male = { Tyranius Tyranus }
ulrich_male = { Ulrich Ulrych }
uthor_male = { Uthor Uthore }
uthynach_male = { Uthynak Uthyn }
verick_male = { Verrik Verych }
vincent_male = { C_enE_k Pizente VicenC_ Vicente Vince Vincenne Vincent Vincenzo Vissente Wincenty }
vitel_male = { Vitellius Vitellus }
vorenus_male = { Vorian Vorianus }
william_male = { Guillaume Willem Wilhelm Wilmuth }
winster_male = { Wynster }